date,machine_id,shift,planned_production_time_min,downtime_min,run_time_min,units_produced,defective_units,good_units,target_rate_per_hour,availability,performance,quality,oee
2026-01-01,PNEU-M1,Morning,480.0,23.9,456.1,382,8,374,60,0.9502,0.8375,0.9791,0.7792
2026-01-01,PNEU-M1,Afternoon,480.0,62.4,417.6,364,20,344,60,0.87,0.8716,0.9451,0.7167
2026-01-01,PNEU-M1,Night,480.0,10.2,469.8,379,15,364,60,0.9788,0.8067,0.9604,0.7583
2026-01-01,PNEU-M2,Morning,480.0,16.4,463.6,368,12,356,55,0.9658,0.866,0.9674,0.8091
2026-01-01,PNEU-M2,Afternoon,480.0,26.0,454.0,352,9,343,55,0.9458,0.8458,0.9744,0.7795
2026-01-01,PNEU-M2,Night,480.0,30.8,449.2,353,21,332,55,0.9358,0.8573,0.9405,0.7545
2026-01-01,PNEU-M3,Morning,480.0,11.9,468.1,429,9,420,65,0.9752,0.846,0.979,0.8077
2026-01-01,PNEU-M3,Afternoon,480.0,11.7,468.3,421,17,404,65,0.9756,0.8298,0.9596,0.7768
2026-01-01,PNEU-M3,Night,480.0,0.0,480.0,487,8,479,65,1.0,0.9365,0.9836,0.9211
2026-01-02,PNEU-M1,Morning,480.0,19.3,460.7,311,7,304,60,0.9598,0.6751,0.9775,0.6334
2026-01-02,PNEU-M1,Afternoon,480.0,19.0,461.0,403,10,393,60,0.9604,0.8742,0.9752,0.8188
2026-01-02,PNEU-M1,Night,480.0,0.0,480.0,390,21,369,60,1.0,0.8125,0.9462,0.7688
2026-01-02,PNEU-M2,Morning,480.0,30.1,449.9,292,10,282,55,0.9373,0.708,0.9658,0.6409
2026-01-02,PNEU-M2,Afternoon,480.0,36.2,443.8,366,11,355,55,0.9246,0.8997,0.9699,0.8068
2026-01-02,PNEU-M2,Night,480.0,33.0,447.0,390,8,382,55,0.9313,0.9518,0.9795,0.8682
2026-01-02,PNEU-M3,Morning,480.0,28.2,451.8,462,11,451,65,0.9413,0.9439,0.9762,0.8673
2026-01-02,PNEU-M3,Afternoon,480.0,23.9,456.1,431,10,421,65,0.9502,0.8723,0.9768,0.8096
2026-01-02,PNEU-M3,Night,480.0,23.2,456.8,316,14,302,65,0.9517,0.6386,0.9557,0.5808
2026-01-03,PNEU-M1,Morning,480.0,17.8,462.2,381,13,368,60,0.9629,0.8243,0.9659,0.7667
2026-01-03,PNEU-M1,Afternoon,480.0,21.7,458.3,449,23,426,60,0.9548,0.9797,0.9488,0.8875
2026-01-03,PNEU-M1,Night,480.0,20.7,459.3,423,18,405,60,0.9569,0.921,0.9574,0.8438
2026-01-03,PNEU-M2,Morning,480.0,29.5,450.5,339,20,319,55,0.9385,0.8209,0.941,0.725
2026-01-03,PNEU-M2,Afternoon,480.0,17.9,462.1,330,13,317,55,0.9627,0.7791,0.9606,0.7205
2026-01-03,PNEU-M2,Night,480.0,5.6,474.4,339,13,326,55,0.9883,0.7795,0.9617,0.7409
2026-01-03,PNEU-M3,Morning,480.0,0.0,480.0,520,12,508,65,1.0,1.0,0.9769,0.9769
2026-01-03,PNEU-M3,Afternoon,480.0,6.5,473.5,408,13,395,65,0.9865,0.7954,0.9681,0.7596
2026-01-03,PNEU-M3,Night,480.0,6.4,473.6,402,8,394,65,0.9867,0.7835,0.9801,0.7577
2026-01-04,PNEU-M1,Morning,480.0,6.9,473.1,399,18,381,60,0.9856,0.8434,0.9549,0.7938
2026-01-04,PNEU-M1,Afternoon,480.0,15.7,464.3,385,15,370,60,0.9673,0.8292,0.961,0.7708
2026-01-04,PNEU-M1,Night,480.0,5.7,474.3,395,11,384,60,0.9881,0.8328,0.9722,0.8
2026-01-04,PNEU-M2,Morning,480.0,39.1,440.9,323,18,305,55,0.9185,0.7992,0.9443,0.6932
2026-01-04,PNEU-M2,Afternoon,480.0,89.5,390.5,305,8,297,55,0.8135,0.8521,0.9738,0.675
2026-01-04,PNEU-M2,Night,480.0,40.7,439.3,356,17,339,55,0.9152,0.8841,0.9522,0.7705
2026-01-04,PNEU-M3,Morning,480.0,9.9,470.1,427,18,409,65,0.9794,0.8384,0.9578,0.7865
2026-01-04,PNEU-M3,Afternoon,480.0,30.8,449.2,416,12,404,65,0.9358,0.8549,0.9712,0.777
2026-01-04,PNEU-M3,Night,480.0,19.9,460.1,424,17,407,65,0.9585,0.8507,0.9599,0.7827
2026-01-05,PNEU-M1,Morning,480.0,17.5,462.5,411,22,389,60,0.9635,0.8886,0.9465,0.8104
2026-01-05,PNEU-M1,Afternoon,480.0,6.4,473.6,412,18,394,60,0.9867,0.8699,0.9563,0.8208
2026-01-05,PNEU-M1,Night,480.0,9.3,470.7,408,21,387,60,0.9806,0.8668,0.9485,0.8062
2026-01-05,PNEU-M2,Morning,480.0,72.9,407.1,322,8,314,55,0.8481,0.8629,0.9752,0.7137
2026-01-05,PNEU-M2,Afternoon,480.0,47.9,432.1,378,18,360,55,0.9002,0.9543,0.9524,0.8182
2026-01-05,PNEU-M2,Night,480.0,17.1,462.9,388,31,357,55,0.9644,0.9144,0.9201,0.8114
2026-01-05,PNEU-M3,Morning,480.0,11.0,469.0,401,16,385,65,0.9771,0.7892,0.9601,0.7404
2026-01-05,PNEU-M3,Afternoon,480.0,14.0,466.0,350,8,342,65,0.9708,0.6933,0.9771,0.6576
2026-01-05,PNEU-M3,Night,480.0,33.0,447.0,457,10,447,65,0.9313,0.9437,0.9781,0.8596
2026-01-06,PNEU-M1,Morning,480.0,32.7,447.3,316,11,305,60,0.9319,0.7065,0.9652,0.6355
2026-01-06,PNEU-M1,Afternoon,480.0,21.3,458.7,408,19,389,60,0.9556,0.8895,0.9534,0.8104
2026-01-06,PNEU-M1,Night,480.0,15.7,464.3,386,12,374,60,0.9673,0.8314,0.9689,0.7792
2026-01-06,PNEU-M2,Morning,480.0,14.0,466.0,335,20,315,55,0.9708,0.7842,0.9403,0.7159
2026-01-06,PNEU-M2,Afternoon,480.0,25.0,455.0,362,12,350,55,0.9479,0.8679,0.9669,0.7955
2026-01-06,PNEU-M2,Night,480.0,48.1,431.9,338,18,320,55,0.8998,0.8537,0.9467,0.7272
2026-01-06,PNEU-M3,Morning,480.0,7.1,472.9,456,19,437,65,0.9852,0.8901,0.9583,0.8404
2026-01-06,PNEU-M3,Afternoon,480.0,19.4,460.6,498,16,482,65,0.9596,0.998,0.9679,0.9269
2026-01-06,PNEU-M3,Night,480.0,7.4,472.6,387,6,381,65,0.9846,0.7559,0.9845,0.7327
2026-01-07,PNEU-M1,Morning,480.0,18.9,461.1,360,15,345,60,0.9606,0.7807,0.9583,0.7187
2026-01-07,PNEU-M1,Afternoon,480.0,18.6,461.4,374,21,353,60,0.9612,0.8106,0.9439,0.7354
2026-01-07,PNEU-M1,Night,480.0,17.5,462.5,353,13,340,60,0.9635,0.7632,0.9632,0.7083
2026-01-07,PNEU-M2,Morning,480.0,34.0,446.0,401,13,388,55,0.9292,0.9808,0.9676,0.8818
2026-01-07,PNEU-M2,Afternoon,480.0,21.4,458.6,340,11,329,55,0.9554,0.8088,0.9676,0.7477
2026-01-07,PNEU-M2,Night,480.0,68.1,411.9,274,11,263,55,0.8581,0.7257,0.9599,0.5978
2026-01-07,PNEU-M3,Morning,480.0,15.3,464.7,451,8,443,65,0.9681,0.8959,0.9823,0.852
2026-01-07,PNEU-M3,Afternoon,480.0,42.9,437.1,393,24,369,65,0.9106,0.8299,0.9389,0.7095
2026-01-07,PNEU-M3,Night,480.0,13.1,466.9,392,25,367,65,0.9727,0.775,0.9362,0.7057
2026-01-08,PNEU-M1,Morning,480.0,11.0,469.0,382,16,366,60,0.9771,0.8145,0.9581,0.7625
2026-01-08,PNEU-M1,Afternoon,480.0,43.1,436.9,321,22,299,60,0.9102,0.7347,0.9315,0.6229
2026-01-08,PNEU-M1,Night,480.0,22.6,457.4,391,13,378,60,0.9529,0.8548,0.9668,0.7875
2026-01-08,PNEU-M2,Morning,480.0,25.4,454.6,376,19,357,55,0.9471,0.9023,0.9495,0.8114
2026-01-08,PNEU-M2,Afternoon,480.0,18.8,461.2,374,17,357,55,0.9608,0.8846,0.9545,0.8113
2026-01-08,PNEU-M2,Night,480.0,15.6,464.4,368,10,358,55,0.9675,0.8645,0.9728,0.8137
2026-01-08,PNEU-M3,Morning,480.0,31.4,448.6,372,20,352,65,0.9346,0.7655,0.9462,0.6769
2026-01-08,PNEU-M3,Afternoon,480.0,18.5,461.5,421,19,402,65,0.9615,0.8421,0.9549,0.7732
2026-01-08,PNEU-M3,Night,480.0,20.7,459.3,473,13,460,65,0.9569,0.9506,0.9725,0.8846
2026-01-09,PNEU-M1,Morning,480.0,24.8,455.2,379,21,358,60,0.9483,0.8326,0.9446,0.7458
2026-01-09,PNEU-M1,Afternoon,480.0,30.4,449.6,382,20,362,60,0.9367,0.8496,0.9476,0.7541
2026-01-09,PNEU-M1,Night,480.0,10.8,469.2,434,14,420,60,0.9775,0.925,0.9677,0.875
2026-01-09,PNEU-M2,Morning,480.0,46.0,434.0,397,26,371,55,0.9042,0.9979,0.9345,0.8432
2026-01-09,PNEU-M2,Afternoon,480.0,0.0,480.0,358,24,334,55,1.0,0.8136,0.933,0.7591
2026-01-09,PNEU-M2,Night,480.0,40.8,439.2,400,22,378,55,0.915,0.9935,0.945,0.8591
2026-01-09,PNEU-M3,Morning,480.0,14.3,465.7,432,13,419,65,0.9702,0.8563,0.9699,0.8058
2026-01-09,PNEU-M3,Afternoon,480.0,15.6,464.4,429,8,421,65,0.9675,0.8527,0.9814,0.8096
2026-01-09,PNEU-M3,Night,480.0,18.5,461.5,366,9,357,65,0.9615,0.7321,0.9754,0.6866
2026-01-10,PNEU-M1,Morning,480.0,14.1,465.9,358,18,340,60,0.9706,0.7684,0.9497,0.7083
2026-01-10,PNEU-M1,Afternoon,480.0,9.0,471.0,329,9,320,60,0.9812,0.6985,0.9726,0.6666
2026-01-10,PNEU-M1,Night,480.0,16.1,463.9,414,21,393,60,0.9665,0.8924,0.9493,0.8188
2026-01-10,PNEU-M2,Morning,480.0,8.5,471.5,393,23,370,55,0.9823,0.9093,0.9415,0.841
2026-01-10,PNEU-M2,Afternoon,480.0,16.8,463.2,296,17,279,55,0.965,0.6971,0.9426,0.6341
2026-01-10,PNEU-M2,Night,480.0,20.4,459.6,367,32,335,55,0.9575,0.8711,0.9128,0.7613
2026-01-10,PNEU-M3,Morning,480.0,18.0,462.0,473,28,445,65,0.9625,0.9451,0.9408,0.8558
2026-01-10,PNEU-M3,Afternoon,480.0,12.2,467.8,470,15,455,65,0.9746,0.9274,0.9681,0.875
2026-01-10,PNEU-M3,Night,480.0,0.0,480.0,410,15,395,65,1.0,0.7885,0.9634,0.7596
2026-01-11,PNEU-M1,Morning,480.0,21.5,458.5,458,7,451,60,0.9552,0.9989,0.9847,0.9396
2026-01-11,PNEU-M1,Afternoon,480.0,27.1,452.9,411,25,386,60,0.9435,0.9075,0.9392,0.8042
2026-01-11,PNEU-M1,Night,480.0,27.4,452.6,379,13,366,60,0.9429,0.8374,0.9657,0.7625
2026-01-11,PNEU-M2,Morning,480.0,7.9,472.1,308,22,286,55,0.9835,0.7117,0.9286,0.65
2026-01-11,PNEU-M2,Afternoon,480.0,21.3,458.7,399,21,378,55,0.9556,0.9489,0.9474,0.8591
2026-01-11,PNEU-M2,Night,480.0,77.7,402.3,358,19,339,55,0.8381,0.9708,0.9469,0.7704
2026-01-11,PNEU-M3,Morning,480.0,10.4,469.6,367,8,359,65,0.9783,0.7214,0.9782,0.6904
2026-01-11,PNEU-M3,Afternoon,480.0,7.5,472.5,401,12,389,65,0.9844,0.7834,0.9701,0.7481
2026-01-11,PNEU-M3,Night,480.0,16.0,464.0,502,24,478,65,0.9667,0.9987,0.9522,0.9193
2026-01-12,PNEU-M1,Morning,480.0,10.3,469.7,389,21,368,60,0.9785,0.8282,0.946,0.7666
2026-01-12,PNEU-M1,Afternoon,480.0,26.5,453.5,435,18,417,60,0.9448,0.9592,0.9586,0.8687
2026-01-12,PNEU-M1,Night,480.0,29.3,450.7,320,19,301,60,0.939,0.71,0.9406,0.6271
2026-01-12,PNEU-M2,Morning,480.0,43.3,436.7,335,21,314,55,0.9098,0.8369,0.9373,0.7137
2026-01-12,PNEU-M2,Afternoon,480.0,21.5,458.5,299,14,285,55,0.9552,0.7114,0.9532,0.6477
2026-01-12,PNEU-M2,Night,480.0,31.0,449.0,348,19,329,55,0.9354,0.8455,0.9454,0.7477
2026-01-12,PNEU-M3,Morning,480.0,0.0,480.0,351,22,329,65,1.0,0.675,0.9373,0.6327
2026-01-12,PNEU-M3,Afternoon,480.0,0.0,480.0,504,21,483,65,1.0,0.9692,0.9583,0.9288
2026-01-12,PNEU-M3,Night,480.0,6.0,474.0,455,16,439,65,0.9875,0.8861,0.9648,0.8442
2026-01-13,PNEU-M1,Morning,480.0,0.0,480.0,427,8,419,60,1.0,0.8896,0.9813,0.873
2026-01-13,PNEU-M1,Afternoon,480.0,0.0,480.0,472,35,437,60,1.0,0.9833,0.9258,0.9103
2026-01-13,PNEU-M1,Night,480.0,29.0,451.0,372,14,358,60,0.9396,0.8248,0.9624,0.7458
2026-01-13,PNEU-M2,Morning,480.0,24.1,455.9,359,29,330,55,0.9498,0.859,0.9192,0.75
2026-01-13,PNEU-M2,Afternoon,480.0,17.1,462.9,324,19,305,55,0.9644,0.7636,0.9414,0.6933
2026-01-13,PNEU-M2,Night,480.0,39.9,440.1,367,12,355,55,0.9169,0.9097,0.9673,0.8068
2026-01-13,PNEU-M3,Morning,480.0,41.5,438.5,413,19,394,65,0.9135,0.8694,0.954,0.7577
2026-01-13,PNEU-M3,Afternoon,480.0,5.5,474.5,422,20,402,65,0.9885,0.8209,0.9526,0.773
2026-01-13,PNEU-M3,Night,480.0,6.2,473.8,426,11,415,65,0.9871,0.83,0.9742,0.7982
2026-01-14,PNEU-M1,Morning,480.0,6.2,473.8,389,3,386,60,0.9871,0.821,0.9923,0.8042
2026-01-14,PNEU-M1,Afternoon,480.0,40.7,439.3,327,24,303,60,0.9152,0.7444,0.9266,0.6313
2026-01-14,PNEU-M1,Night,480.0,33.5,446.5,307,17,290,60,0.9302,0.6876,0.9446,0.6042
2026-01-14,PNEU-M2,Morning,480.0,38.7,441.3,334,7,327,55,0.9194,0.8257,0.979,0.7432
2026-01-14,PNEU-M2,Afternoon,480.0,35.1,444.9,339,2,337,55,0.9269,0.8312,0.9941,0.7659
2026-01-14,PNEU-M2,Night,480.0,40.9,439.1,346,12,334,55,0.9148,0.8596,0.9653,0.7591
2026-01-14,PNEU-M3,Morning,480.0,8.6,471.4,445,26,419,65,0.9821,0.8714,0.9416,0.8058
2026-01-14,PNEU-M3,Afternoon,480.0,30.7,449.3,410,10,400,65,0.936,0.8423,0.9756,0.7692
2026-01-14,PNEU-M3,Night,480.0,0.0,480.0,422,13,409,65,1.0,0.8115,0.9692,0.7865
2026-01-15,PNEU-M1,Morning,480.0,0.0,480.0,438,17,421,60,1.0,0.9125,0.9612,0.8771
2026-01-15,PNEU-M1,Afternoon,480.0,5.4,474.6,375,2,373,60,0.9888,0.7901,0.9947,0.7771
2026-01-15,PNEU-M1,Night,480.0,58.0,422.0,421,31,390,60,0.8792,0.9976,0.9264,0.8125
2026-01-15,PNEU-M2,Morning,480.0,14.0,466.0,378,22,356,55,0.9708,0.8849,0.9418,0.8091
2026-01-15,PNEU-M2,Afternoon,480.0,38.0,442.0,339,19,320,55,0.9208,0.8367,0.944,0.7273
2026-01-15,PNEU-M2,Night,480.0,65.1,414.9,305,17,288,55,0.8644,0.8019,0.9443,0.6546
2026-01-15,PNEU-M3,Morning,480.0,10.3,469.7,419,19,400,65,0.9785,0.8234,0.9547,0.7692
2026-01-15,PNEU-M3,Afternoon,480.0,16.0,464.0,475,14,461,65,0.9667,0.945,0.9705,0.8866
2026-01-15,PNEU-M3,Night,480.0,0.0,480.0,400,20,380,65,1.0,0.7692,0.95,0.7307
2026-01-16,PNEU-M1,Morning,480.0,8.0,472.0,355,5,350,60,0.9833,0.7521,0.9859,0.7291
2026-01-16,PNEU-M1,Afternoon,480.0,8.8,471.2,402,4,398,60,0.9817,0.8531,0.99,0.8291
2026-01-16,PNEU-M1,Night,480.0,8.6,471.4,413,13,400,60,0.9821,0.8761,0.9685,0.8333
2026-01-16,PNEU-M2,Morning,480.0,36.7,443.3,406,26,380,55,0.9235,0.9991,0.936,0.8636
2026-01-16,PNEU-M2,Afternoon,480.0,38.9,441.1,392,21,371,55,0.919,0.9695,0.9464,0.8432
2026-01-16,PNEU-M2,Night,480.0,17.6,462.4,388,34,354,55,0.9633,0.9154,0.9124,0.8046
2026-01-16,PNEU-M3,Morning,480.0,5.8,474.2,330,10,320,65,0.9879,0.6424,0.9697,0.6154
2026-01-16,PNEU-M3,Afternoon,480.0,32.3,447.7,484,10,474,65,0.9327,0.9979,0.9793,0.9115
2026-01-16,PNEU-M3,Night,480.0,8.7,471.3,417,6,411,65,0.9819,0.8167,0.9856,0.7904
2026-01-17,PNEU-M1,Morning,480.0,29.5,450.5,328,11,317,60,0.9385,0.7281,0.9665,0.6604
2026-01-17,PNEU-M1,Afternoon,480.0,11.6,468.4,402,20,382,60,0.9758,0.8582,0.9502,0.7957
2026-01-17,PNEU-M1,Night,480.0,23.7,456.3,396,12,384,60,0.9506,0.8679,0.9697,0.8
2026-01-17,PNEU-M2,Morning,480.0,55.7,424.3,336,16,320,55,0.884,0.8639,0.9524,0.7273
2026-01-17,PNEU-M2,Afternoon,480.0,21.7,458.3,383,15,368,55,0.9548,0.9117,0.9608,0.8364
2026-01-17,PNEU-M2,Night,480.0,16.4,463.6,363,24,339,55,0.9658,0.8542,0.9339,0.7705
2026-01-17,PNEU-M3,Morning,480.0,0.0,480.0,505,25,480,65,1.0,0.9712,0.9505,0.9231
2026-01-17,PNEU-M3,Afternoon,480.0,8.2,471.8,425,9,416,65,0.9829,0.8315,0.9788,0.8
2026-01-17,PNEU-M3,Night,480.0,0.0,480.0,326,9,317,65,1.0,0.6269,0.9724,0.6096
2026-01-18,PNEU-M1,Morning,480.0,17.8,462.2,392,7,385,60,0.9629,0.8481,0.9821,0.802
2026-01-18,PNEU-M1,Afternoon,480.0,29.4,450.6,377,9,368,60,0.9388,0.8367,0.9761,0.7667
2026-01-18,PNEU-M1,Night,480.0,24.3,455.7,427,18,409,60,0.9494,0.937,0.9578,0.852
2026-01-18,PNEU-M2,Morning,480.0,6.5,473.5,374,8,366,55,0.9865,0.8617,0.9786,0.8319
2026-01-18,PNEU-M2,Afternoon,480.0,0.0,480.0,358,3,355,55,1.0,0.8136,0.9916,0.8068
2026-01-18,PNEU-M2,Night,480.0,5.8,474.2,420,30,390,55,0.9879,0.9662,0.9286,0.8864
2026-01-18,PNEU-M3,Morning,480.0,0.0,480.0,493,3,490,65,1.0,0.9481,0.9939,0.9423
2026-01-18,PNEU-M3,Afternoon,480.0,10.1,469.9,417,7,410,65,0.979,0.8192,0.9832,0.7885
2026-01-18,PNEU-M3,Night,480.0,6.8,473.2,485,3,482,65,0.9858,0.9461,0.9938,0.9269
2026-01-19,PNEU-M1,Morning,480.0,8.6,471.4,377,19,358,60,0.9821,0.7997,0.9496,0.7458
2026-01-19,PNEU-M1,Afternoon,480.0,0.0,480.0,473,22,451,60,1.0,0.9854,0.9535,0.9396
2026-01-19,PNEU-M1,Night,480.0,38.6,441.4,390,9,381,60,0.9196,0.8836,0.9769,0.7938
2026-01-19,PNEU-M2,Morning,480.0,36.3,443.7,356,9,347,55,0.9244,0.8753,0.9747,0.7887
2026-01-19,PNEU-M2,Afternoon,480.0,44.3,435.7,333,22,311,55,0.9077,0.8338,0.9339,0.7068
2026-01-19,PNEU-M2,Night,480.0,15.3,464.7,345,22,323,55,0.9681,0.8099,0.9362,0.734
2026-01-19,PNEU-M3,Morning,480.0,7.8,472.2,485,23,462,65,0.9838,0.9481,0.9526,0.8885
2026-01-19,PNEU-M3,Afternoon,480.0,13.0,467.0,505,2,503,65,0.9729,0.9982,0.996,0.9673
2026-01-19,PNEU-M3,Night,480.0,24.5,455.5,461,17,444,65,0.949,0.9342,0.9631,0.8538
2026-01-20,PNEU-M1,Morning,480.0,14.4,465.6,406,20,386,60,0.97,0.872,0.9507,0.8041
2026-01-20,PNEU-M1,Afternoon,480.0,32.2,447.8,399,6,393,60,0.9329,0.891,0.985,0.8187
2026-01-20,PNEU-M1,Night,480.0,24.9,455.1,452,17,435,60,0.9481,0.9932,0.9624,0.9062
2026-01-20,PNEU-M2,Morning,480.0,10.6,469.4,334,26,308,55,0.9779,0.7762,0.9222,0.7
2026-01-20,PNEU-M2,Afternoon,480.0,46.9,433.1,327,22,305,55,0.9023,0.8237,0.9327,0.6932
2026-01-20,PNEU-M2,Night,480.0,16.6,463.4,410,17,393,55,0.9654,0.9652,0.9585,0.8931
2026-01-20,PNEU-M3,Morning,480.0,15.5,464.5,460,15,445,65,0.9677,0.9141,0.9674,0.8557
2026-01-20,PNEU-M3,Afternoon,480.0,22.6,457.4,480,16,464,65,0.9529,0.9687,0.9667,0.8923
2026-01-20,PNEU-M3,Night,480.0,0.0,480.0,390,14,376,65,1.0,0.75,0.9641,0.7231
2026-01-21,PNEU-M1,Morning,480.0,19.9,460.1,399,22,377,60,0.9585,0.8672,0.9449,0.7854
2026-01-21,PNEU-M1,Afternoon,480.0,9.1,470.9,360,4,356,60,0.981,0.7645,0.9889,0.7416
2026-01-21,PNEU-M1,Night,480.0,28.7,451.3,441,20,421,60,0.9402,0.9772,0.9546,0.8771
2026-01-21,PNEU-M2,Morning,480.0,34.3,445.7,379,14,365,55,0.9285,0.9277,0.9631,0.8296
2026-01-21,PNEU-M2,Afternoon,480.0,27.5,452.5,414,25,389,55,0.9427,0.9981,0.9396,0.8841
2026-01-21,PNEU-M2,Night,480.0,36.4,443.6,346,16,330,55,0.9242,0.8509,0.9538,0.7501
2026-01-21,PNEU-M3,Morning,480.0,16.3,463.7,456,19,437,65,0.966,0.9077,0.9583,0.8403
2026-01-21,PNEU-M3,Afternoon,480.0,15.6,464.4,349,11,338,65,0.9675,0.6937,0.9685,0.65
2026-01-21,PNEU-M3,Night,480.0,17.4,462.6,402,21,381,65,0.9637,0.8022,0.9478,0.7327
2026-01-22,PNEU-M1,Morning,480.0,12.4,467.6,380,20,360,60,0.9742,0.8127,0.9474,0.7501
2026-01-22,PNEU-M1,Afternoon,480.0,0.0,480.0,427,18,409,60,1.0,0.8896,0.9578,0.8521
2026-01-22,PNEU-M1,Night,480.0,11.2,468.8,448,20,428,60,0.9767,0.9556,0.9554,0.8917
2026-01-22,PNEU-M2,Morning,480.0,83.1,396.9,323,17,306,55,0.8269,0.8878,0.9474,0.6955
2026-01-22,PNEU-M2,Afternoon,480.0,43.4,436.6,342,22,320,55,0.9096,0.8545,0.9357,0.7273
2026-01-22,PNEU-M2,Night,480.0,15.2,464.8,410,7,403,55,0.9683,0.9623,0.9829,0.9159
2026-01-22,PNEU-M3,Morning,480.0,20.1,459.9,356,4,352,65,0.9581,0.7145,0.9888,0.6769
2026-01-22,PNEU-M3,Afternoon,480.0,6.2,473.8,468,21,447,65,0.9871,0.9118,0.9551,0.8596
2026-01-22,PNEU-M3,Night,480.0,9.2,470.8,432,16,416,65,0.9808,0.847,0.963,0.8
2026-01-23,PNEU-M1,Morning,480.0,45.8,434.2,334,10,324,60,0.9046,0.7692,0.9701,0.675
2026-01-23,PNEU-M1,Afternoon,480.0,29.3,450.7,413,17,396,60,0.939,0.9164,0.9588,0.825
2026-01-23,PNEU-M1,Night,480.0,14.8,465.2,370,16,354,60,0.9692,0.7954,0.9568,0.7376
2026-01-23,PNEU-M2,Morning,480.0,101.8,378.2,283,13,270,55,0.7879,0.8163,0.9541,0.6136
2026-01-23,PNEU-M2,Afternoon,480.0,33.9,446.1,386,15,371,55,0.9294,0.9439,0.9611,0.8431
2026-01-23,PNEU-M2,Night,480.0,7.9,472.1,432,15,417,55,0.9835,0.9982,0.9653,0.9477
2026-01-23,PNEU-M3,Morning,480.0,0.0,480.0,405,11,394,65,1.0,0.7788,0.9728,0.7576
2026-01-23,PNEU-M3,Afternoon,480.0,13.0,467.0,452,22,430,65,0.9729,0.8934,0.9513,0.8269
2026-01-23,PNEU-M3,Night,480.0,6.3,473.7,440,21,419,65,0.9869,0.8574,0.9523,0.8058
2026-01-24,PNEU-M1,Morning,480.0,7.2,472.8,436,17,419,60,0.985,0.9222,0.961,0.8729
2026-01-24,PNEU-M1,Afternoon,480.0,54.2,425.8,389,18,371,60,0.8871,0.9136,0.9537,0.7729
2026-01-24,PNEU-M1,Night,480.0,12.4,467.6,428,20,408,60,0.9742,0.9153,0.9533,0.85
2026-01-24,PNEU-M2,Morning,480.0,48.4,431.6,373,19,354,55,0.8992,0.9428,0.9491,0.8046
2026-01-24,PNEU-M2,Afternoon,480.0,20.6,459.4,345,11,334,55,0.9571,0.8193,0.9681,0.7591
2026-01-24,PNEU-M2,Night,480.0,13.0,467.0,380,12,368,55,0.9729,0.8877,0.9684,0.8364
2026-01-24,PNEU-M3,Morning,480.0,24.4,455.6,427,15,412,65,0.9492,0.8651,0.9649,0.7923
2026-01-24,PNEU-M3,Afternoon,480.0,0.0,480.0,473,26,447,65,1.0,0.9096,0.945,0.8596
2026-01-24,PNEU-M3,Night,480.0,15.7,464.3,425,13,412,65,0.9673,0.8449,0.9694,0.7923
2026-01-25,PNEU-M1,Morning,480.0,12.5,467.5,438,14,424,60,0.974,0.9369,0.968,0.8833
2026-01-25,PNEU-M1,Afternoon,480.0,19.3,460.7,419,22,397,60,0.9598,0.9095,0.9475,0.8271
2026-01-25,PNEU-M1,Night,480.0,9.2,470.8,398,18,380,60,0.9808,0.8454,0.9548,0.7917
2026-01-25,PNEU-M2,Morning,480.0,15.1,464.9,346,23,323,55,0.9685,0.8119,0.9335,0.734
2026-01-25,PNEU-M2,Afternoon,480.0,14.5,465.5,387,8,379,55,0.9698,0.9069,0.9793,0.8613
2026-01-25,PNEU-M2,Night,480.0,0.0,480.0,396,26,370,55,1.0,0.9,0.9343,0.8409
2026-01-25,PNEU-M3,Morning,480.0,28.6,451.4,466,19,447,65,0.9404,0.9529,0.9592,0.8595
2026-01-25,PNEU-M3,Afternoon,480.0,16.0,464.0,365,9,356,65,0.9667,0.7261,0.9753,0.6846
2026-01-25,PNEU-M3,Night,480.0,12.9,467.1,440,8,432,65,0.9731,0.8695,0.9818,0.8307
2026-01-26,PNEU-M1,Morning,480.0,43.1,436.9,383,17,366,60,0.9102,0.8766,0.9556,0.7625
2026-01-26,PNEU-M1,Afternoon,480.0,25.2,454.8,402,12,390,60,0.9475,0.8839,0.9701,0.8125
2026-01-26,PNEU-M1,Night,480.0,31.9,448.1,425,20,405,60,0.9335,0.9484,0.9529,0.8436
2026-01-26,PNEU-M2,Morning,480.0,9.2,470.8,365,19,346,55,0.9808,0.8458,0.9479,0.7863
2026-01-26,PNEU-M2,Afternoon,480.0,0.0,480.0,389,11,378,55,1.0,0.8841,0.9717,0.8591
2026-01-26,PNEU-M2,Night,480.0,43.4,436.6,285,13,272,55,0.9096,0.7121,0.9544,0.6182
2026-01-26,PNEU-M3,Morning,480.0,0.0,480.0,455,15,440,65,1.0,0.875,0.967,0.8461
2026-01-26,PNEU-M3,Afternoon,480.0,25.0,455.0,469,10,459,65,0.9479,0.9515,0.9787,0.8827
2026-01-26,PNEU-M3,Night,480.0,12.8,467.2,417,15,402,65,0.9733,0.8239,0.964,0.773
2026-01-27,PNEU-M1,Morning,480.0,0.0,480.0,404,16,388,60,1.0,0.8417,0.9604,0.8084
2026-01-27,PNEU-M1,Afternoon,480.0,8.5,471.5,363,12,351,60,0.9823,0.7699,0.9669,0.7312
2026-01-27,PNEU-M1,Night,480.0,52.3,427.7,385,15,370,60,0.891,0.9002,0.961,0.7708
2026-01-27,PNEU-M2,Morning,480.0,18.7,461.3,420,22,398,55,0.961,0.9932,0.9476,0.9045
2026-01-27,PNEU-M2,Afternoon,480.0,31.2,448.8,372,15,357,55,0.935,0.9042,0.9597,0.8114
2026-01-27,PNEU-M2,Night,480.0,99.8,380.2,333,18,315,55,0.7921,0.9555,0.9459,0.7159
2026-01-27,PNEU-M3,Morning,480.0,8.2,471.8,433,11,422,65,0.9829,0.8472,0.9746,0.8116
2026-01-27,PNEU-M3,Afternoon,480.0,8.9,471.1,419,3,416,65,0.9815,0.821,0.9928,0.8
2026-01-27,PNEU-M3,Night,480.0,20.1,459.9,438,8,430,65,0.9581,0.8791,0.9817,0.8269
2026-01-28,PNEU-M1,Morning,480.0,37.4,442.6,336,16,320,60,0.9221,0.7592,0.9524,0.6667
2026-01-28,PNEU-M1,Afternoon,480.0,11.0,469.0,406,14,392,60,0.9771,0.8657,0.9655,0.8167
2026-01-28,PNEU-M1,Night,480.0,21.6,458.4,371,23,348,60,0.955,0.8093,0.938,0.725
2026-01-28,PNEU-M2,Morning,480.0,5.6,474.4,434,24,410,55,0.9883,0.998,0.9447,0.9318
2026-01-28,PNEU-M2,Afternoon,480.0,21.9,458.1,344,20,324,55,0.9544,0.8192,0.9419,0.7364
2026-01-28,PNEU-M2,Night,480.0,50.4,429.6,381,27,354,55,0.895,0.9675,0.9291,0.8045
2026-01-28,PNEU-M3,Morning,480.0,7.9,472.1,450,12,438,65,0.9835,0.8799,0.9733,0.8423
2026-01-28,PNEU-M3,Afternoon,480.0,7.5,472.5,434,22,412,65,0.9844,0.8479,0.9493,0.7924
2026-01-28,PNEU-M3,Night,480.0,19.8,460.2,409,10,399,65,0.9587,0.8204,0.9756,0.7673
2026-01-29,PNEU-M1,Morning,480.0,20.5,459.5,342,19,323,60,0.9573,0.7443,0.9444,0.6729
2026-01-29,PNEU-M1,Afternoon,480.0,11.3,468.7,411,15,396,60,0.9765,0.8769,0.9635,0.825
2026-01-29,PNEU-M1,Night,480.0,33.1,446.9,415,13,402,60,0.931,0.9286,0.9687,0.8375
2026-01-29,PNEU-M2,Morning,480.0,0.0,480.0,358,11,347,55,1.0,0.8136,0.9693,0.7886
2026-01-29,PNEU-M2,Afternoon,480.0,34.1,445.9,293,20,273,55,0.929,0.7168,0.9317,0.6204
2026-01-29,PNEU-M2,Night,480.0,62.1,417.9,331,16,315,55,0.8706,0.8641,0.9517,0.716
2026-01-29,PNEU-M3,Morning,480.0,28.0,452.0,413,14,399,65,0.9417,0.8434,0.9661,0.7673
2026-01-29,PNEU-M3,Afternoon,480.0,22.3,457.7,423,19,404,65,0.9535,0.8531,0.9551,0.7769
2026-01-29,PNEU-M3,Night,480.0,12.5,467.5,499,23,476,65,0.974,0.9853,0.9539,0.9154
2026-01-30,PNEU-M1,Morning,480.0,11.2,468.8,306,12,294,60,0.9767,0.6527,0.9608,0.6125
2026-01-30,PNEU-M1,Afternoon,480.0,23.2,456.8,456,17,439,60,0.9517,0.9982,0.9627,0.9146
2026-01-30,PNEU-M1,Night,480.0,35.5,444.5,340,16,324,60,0.926,0.7649,0.9529,0.6749
2026-01-30,PNEU-M2,Morning,480.0,11.5,468.5,358,18,340,55,0.976,0.8336,0.9497,0.7727
2026-01-30,PNEU-M2,Afternoon,480.0,42.9,437.1,356,18,338,55,0.9106,0.8885,0.9494,0.7681
2026-01-30,PNEU-M2,Night,480.0,26.5,453.5,359,20,339,55,0.9448,0.8636,0.9443,0.7705
2026-01-30,PNEU-M3,Morning,480.0,5.0,475.0,464,21,443,65,0.9896,0.9017,0.9547,0.8519
2026-01-30,PNEU-M3,Afternoon,480.0,42.2,437.8,400,16,384,65,0.9121,0.8434,0.96,0.7385
2026-01-30,PNEU-M3,Night,480.0,16.9,463.1,443,17,426,65,0.9648,0.883,0.9616,0.8192
2026-01-31,PNEU-M1,Morning,480.0,8.4,471.6,440,21,419,60,0.9825,0.933,0.9523,0.8729
2026-01-31,PNEU-M1,Afternoon,480.0,27.8,452.2,407,7,400,60,0.9421,0.9,0.9828,0.8333
2026-01-31,PNEU-M1,Night,480.0,7.5,472.5,360,6,354,60,0.9844,0.7619,0.9833,0.7375
2026-01-31,PNEU-M2,Morning,480.0,65.6,414.4,297,19,278,55,0.8633,0.7819,0.936,0.6318
2026-01-31,PNEU-M2,Afternoon,480.0,92.0,388.0,307,10,297,55,0.8083,0.8632,0.9674,0.675
2026-01-31,PNEU-M2,Night,480.0,49.1,430.9,384,22,362,55,0.8977,0.9722,0.9427,0.8227
2026-01-31,PNEU-M3,Morning,480.0,13.9,466.1,373,5,368,65,0.971,0.7387,0.9866,0.7077
2026-01-31,PNEU-M3,Afternoon,480.0,26.9,453.1,490,23,467,65,0.944,0.9983,0.9531,0.8982
2026-01-31,PNEU-M3,Night,480.0,26.2,453.8,447,17,430,65,0.9454,0.9092,0.962,0.8269
2026-02-01,PNEU-M1,Morning,480.0,18.0,462.0,390,7,383,60,0.9625,0.8442,0.9821,0.798
2026-02-01,PNEU-M1,Afternoon,480.0,15.5,464.5,362,9,353,60,0.9677,0.7793,0.9751,0.7354
2026-02-01,PNEU-M1,Night,480.0,32.6,447.4,358,22,336,60,0.9321,0.8002,0.9385,0.7
2026-02-01,PNEU-M2,Morning,480.0,40.3,439.7,345,24,321,55,0.916,0.856,0.9304,0.7295
2026-02-01,PNEU-M2,Afternoon,480.0,14.9,465.1,379,7,372,55,0.969,0.889,0.9815,0.8455
2026-02-01,PNEU-M2,Night,480.0,32.2,447.8,364,2,362,55,0.9329,0.8868,0.9945,0.8227
2026-02-01,PNEU-M3,Morning,480.0,16.1,463.9,502,21,481,65,0.9665,0.9989,0.9582,0.9251
2026-02-01,PNEU-M3,Afternoon,480.0,0.0,480.0,390,10,380,65,1.0,0.75,0.9744,0.7308
2026-02-01,PNEU-M3,Night,480.0,7.2,472.8,472,23,449,65,0.985,0.9215,0.9513,0.8635
2026-02-02,PNEU-M1,Morning,480.0,25.2,454.8,454,9,445,60,0.9475,0.9982,0.9802,0.9271
2026-02-02,PNEU-M1,Afternoon,480.0,24.4,455.6,360,21,339,60,0.9492,0.7902,0.9417,0.7063
2026-02-02,PNEU-M1,Night,480.0,47.6,432.4,392,7,385,60,0.9008,0.9066,0.9821,0.802
2026-02-02,PNEU-M2,Morning,480.0,37.6,442.4,294,22,272,55,0.9217,0.725,0.9252,0.6182
2026-02-02,PNEU-M2,Afternoon,480.0,14.7,465.3,375,26,349,55,0.9694,0.8792,0.9307,0.7932
2026-02-02,PNEU-M2,Night,480.0,37.9,442.1,335,12,323,55,0.921,0.8266,0.9642,0.734
2026-02-02,PNEU-M3,Morning,480.0,5.4,474.6,395,25,370,65,0.9888,0.7683,0.9367,0.7116
2026-02-02,PNEU-M3,Afternoon,480.0,19.1,460.9,462,20,442,65,0.9602,0.9253,0.9567,0.85
2026-02-02,PNEU-M3,Night,480.0,0.0,480.0,431,6,425,65,1.0,0.8288,0.9861,0.8173
2026-02-03,PNEU-M1,Morning,480.0,0.0,480.0,441,5,436,60,1.0,0.9187,0.9887,0.9083
2026-02-03,PNEU-M1,Afternoon,480.0,40.0,440.0,398,15,383,60,0.9167,0.9045,0.9623,0.7979
2026-02-03,PNEU-M1,Night,480.0,7.5,472.5,313,10,303,60,0.9844,0.6624,0.9681,0.6313
2026-02-03,PNEU-M2,Morning,480.0,12.2,467.8,391,13,378,55,0.9746,0.9118,0.9668,0.8591
2026-02-03,PNEU-M2,Afternoon,480.0,27.6,452.4,357,32,325,55,0.9425,0.8609,0.9104,0.7387
2026-02-03,PNEU-M2,Night,480.0,18.5,461.5,345,5,340,55,0.9615,0.8155,0.9855,0.7727
2026-02-03,PNEU-M3,Morning,480.0,19.3,460.7,439,30,409,65,0.9598,0.8796,0.9317,0.7866
2026-02-03,PNEU-M3,Afternoon,480.0,13.3,466.7,463,16,447,65,0.9723,0.9158,0.9654,0.8596
2026-02-03,PNEU-M3,Night,480.0,0.0,480.0,520,23,497,65,1.0,1.0,0.9558,0.9558
2026-02-04,PNEU-M1,Morning,480.0,22.0,458.0,458,13,445,60,0.9542,1.0,0.9716,0.9271
2026-02-04,PNEU-M1,Afternoon,480.0,33.0,447.0,405,16,389,60,0.9313,0.906,0.9605,0.8104
2026-02-04,PNEU-M1,Night,480.0,9.0,471.0,471,15,456,60,0.9812,1.0,0.9682,0.95
2026-02-04,PNEU-M2,Morning,480.0,44.6,435.4,327,9,318,55,0.9071,0.8193,0.9725,0.7227
2026-02-04,PNEU-M2,Afternoon,480.0,33.8,446.2,349,21,328,55,0.9296,0.8533,0.9398,0.7455
2026-02-04,PNEU-M2,Night,480.0,16.0,464.0,413,28,385,55,0.9667,0.971,0.9322,0.875
2026-02-04,PNEU-M3,Morning,480.0,11.2,468.8,492,22,470,65,0.9767,0.9688,0.9553,0.9039
2026-02-04,PNEU-M3,Afternoon,480.0,33.2,446.8,384,18,366,65,0.9308,0.7933,0.9531,0.7038
2026-02-04,PNEU-M3,Night,480.0,19.8,460.2,386,5,381,65,0.9587,0.7742,0.987,0.7326
2026-02-05,PNEU-M1,Morning,480.0,31.4,448.6,398,20,378,60,0.9346,0.8872,0.9497,0.7875
2026-02-05,PNEU-M1,Afternoon,480.0,11.7,468.3,447,10,437,60,0.9756,0.9545,0.9776,0.9104
2026-02-05,PNEU-M1,Night,480.0,0.0,480.0,441,22,419,60,1.0,0.9187,0.9501,0.8729
2026-02-05,PNEU-M2,Morning,480.0,22.8,457.2,350,19,331,55,0.9525,0.8351,0.9457,0.7522
2026-02-05,PNEU-M2,Afternoon,480.0,57.8,422.2,298,14,284,55,0.8796,0.77,0.953,0.6455
2026-02-05,PNEU-M2,Night,480.0,0.0,480.0,440,20,420,55,1.0,1.0,0.9545,0.9545
2026-02-05,PNEU-M3,Morning,480.0,5.8,474.2,466,8,458,65,0.9879,0.9071,0.9828,0.8807
2026-02-05,PNEU-M3,Afternoon,480.0,18.4,461.6,473,18,455,65,0.9617,0.9459,0.9619,0.875
2026-02-05,PNEU-M3,Night,480.0,15.6,464.4,446,17,429,65,0.9675,0.8865,0.9619,0.825
2026-02-06,PNEU-M1,Morning,480.0,21.2,458.8,383,15,368,60,0.9558,0.8348,0.9608,0.7666
2026-02-06,PNEU-M1,Afternoon,480.0,40.0,440.0,419,26,393,60,0.9167,0.9523,0.9379,0.8188
2026-02-06,PNEU-M1,Night,480.0,17.1,462.9,365,25,340,60,0.9644,0.7885,0.9315,0.7083
2026-02-06,PNEU-M2,Morning,480.0,25.9,454.1,380,26,354,55,0.946,0.9129,0.9316,0.8045
2026-02-06,PNEU-M2,Afternoon,480.0,21.2,458.8,360,12,348,55,0.9558,0.856,0.9667,0.7909
2026-02-06,PNEU-M2,Night,480.0,55.6,424.4,311,21,290,55,0.8842,0.7994,0.9325,0.6591
2026-02-06,PNEU-M3,Morning,480.0,30.8,449.2,327,14,313,65,0.9358,0.672,0.9572,0.6019
2026-02-06,PNEU-M3,Afternoon,480.0,32.0,448.0,404,13,391,65,0.9333,0.8324,0.9678,0.7519
2026-02-06,PNEU-M3,Night,480.0,13.1,466.9,453,12,441,65,0.9727,0.8956,0.9735,0.8481
2026-02-07,PNEU-M1,Morning,480.0,31.7,448.3,410,16,394,60,0.934,0.9146,0.961,0.8209
2026-02-07,PNEU-M1,Afternoon,480.0,69.6,410.4,362,17,345,60,0.855,0.8821,0.953,0.7187
2026-02-07,PNEU-M1,Night,480.0,14.1,465.9,428,3,425,60,0.9706,0.9187,0.993,0.8854
2026-02-07,PNEU-M2,Morning,480.0,8.4,471.6,354,15,339,55,0.9825,0.8189,0.9576,0.7705
2026-02-07,PNEU-M2,Afternoon,480.0,18.7,461.3,388,14,374,55,0.961,0.9176,0.9639,0.85
2026-02-07,PNEU-M2,Night,480.0,20.4,459.6,367,9,358,55,0.9575,0.8711,0.9755,0.8136
2026-02-07,PNEU-M3,Morning,480.0,15.9,464.1,394,19,375,65,0.9669,0.7837,0.9518,0.7212
2026-02-07,PNEU-M3,Afternoon,480.0,40.4,439.6,416,19,397,65,0.9158,0.8735,0.9543,0.7634
2026-02-07,PNEU-M3,Night,480.0,20.2,459.8,406,9,397,65,0.9579,0.8151,0.9778,0.7635
2026-02-08,PNEU-M1,Morning,480.0,44.0,436.0,353,17,336,60,0.9083,0.8096,0.9518,0.6999
2026-02-08,PNEU-M1,Afternoon,480.0,0.0,480.0,420,22,398,60,1.0,0.875,0.9476,0.8292
2026-02-08,PNEU-M1,Night,480.0,9.9,470.1,417,20,397,60,0.9794,0.887,0.952,0.827
2026-02-08,PNEU-M2,Morning,480.0,30.1,449.9,393,15,378,55,0.9373,0.9529,0.9618,0.859
2026-02-08,PNEU-M2,Afternoon,480.0,28.4,451.6,305,11,294,55,0.9408,0.7368,0.9639,0.6682
2026-02-08,PNEU-M2,Night,480.0,8.5,471.5,408,20,388,55,0.9823,0.944,0.951,0.8819
2026-02-08,PNEU-M3,Morning,480.0,16.8,463.2,439,15,424,65,0.965,0.8749,0.9658,0.8154
2026-02-08,PNEU-M3,Afternoon,480.0,18.2,461.8,421,22,399,65,0.9621,0.8415,0.9477,0.7673
2026-02-08,PNEU-M3,Night,480.0,5.0,475.0,437,19,418,65,0.9896,0.8492,0.9565,0.8038
2026-02-09,PNEU-M1,Morning,480.0,21.4,458.6,375,12,363,60,0.9554,0.8177,0.968,0.7562
2026-02-09,PNEU-M1,Afternoon,480.0,0.0,480.0,344,23,321,60,1.0,0.7167,0.9331,0.6688
2026-02-09,PNEU-M1,Night,480.0,17.7,462.3,461,31,430,60,0.9631,0.9972,0.9328,0.8959
2026-02-09,PNEU-M2,Morning,480.0,67.0,413.0,350,16,334,55,0.8604,0.9245,0.9543,0.7591
2026-02-09,PNEU-M2,Afternoon,480.0,56.0,424.0,363,22,341,55,0.8833,0.934,0.9394,0.775
2026-02-09,PNEU-M2,Night,480.0,24.8,455.2,398,13,385,55,0.9483,0.9538,0.9673,0.8749
2026-02-09,PNEU-M3,Morning,480.0,0.0,480.0,461,8,453,65,1.0,0.8865,0.9826,0.8711
2026-02-09,PNEU-M3,Afternoon,480.0,15.4,464.6,451,8,443,65,0.9679,0.8961,0.9823,0.852
2026-02-09,PNEU-M3,Night,480.0,13.2,466.8,464,22,442,65,0.9725,0.9175,0.9526,0.85
2026-02-10,PNEU-M1,Morning,480.0,21.7,458.3,391,16,375,60,0.9548,0.8532,0.9591,0.7813
2026-02-10,PNEU-M1,Afternoon,480.0,0.0,480.0,447,16,431,60,1.0,0.9313,0.9642,0.898
2026-02-10,PNEU-M1,Night,480.0,12.3,467.7,412,17,395,60,0.9744,0.8809,0.9587,0.8229
2026-02-10,PNEU-M2,Morning,480.0,29.9,450.1,349,27,322,55,0.9377,0.8459,0.9226,0.7318
2026-02-10,PNEU-M2,Afternoon,480.0,68.1,411.9,307,12,295,55,0.8581,0.8131,0.9609,0.6704
2026-02-10,PNEU-M2,Night,480.0,17.6,462.4,372,18,354,55,0.9633,0.8776,0.9516,0.8045
2026-02-10,PNEU-M3,Morning,480.0,5.6,474.4,400,8,392,65,0.9883,0.7783,0.98,0.7538
2026-02-10,PNEU-M3,Afternoon,480.0,0.0,480.0,412,12,400,65,1.0,0.7923,0.9709,0.7692
2026-02-10,PNEU-M3,Night,480.0,27.4,452.6,490,5,485,65,0.9429,0.9994,0.9898,0.9327
2026-02-11,PNEU-M1,Morning,480.0,6.6,473.4,415,27,388,60,0.9862,0.8766,0.9349,0.8082
2026-02-11,PNEU-M1,Afternoon,480.0,36.6,443.4,363,18,345,60,0.9237,0.8187,0.9504,0.7187
2026-02-11,PNEU-M1,Night,480.0,5.2,474.8,421,16,405,60,0.9892,0.8867,0.962,0.8438
2026-02-11,PNEU-M2,Morning,480.0,0.0,480.0,414,16,398,55,1.0,0.9409,0.9614,0.9046
2026-02-11,PNEU-M2,Afternoon,480.0,14.8,465.2,397,38,359,55,0.9692,0.931,0.9043,0.816
2026-02-11,PNEU-M2,Night,480.0,18.4,461.6,364,8,356,55,0.9617,0.8602,0.978,0.8091
2026-02-11,PNEU-M3,Morning,480.0,19.9,460.1,441,21,420,65,0.9585,0.8848,0.9524,0.8077
2026-02-11,PNEU-M3,Afternoon,480.0,0.0,480.0,399,10,389,65,1.0,0.7673,0.9749,0.748
2026-02-11,PNEU-M3,Night,480.0,14.1,465.9,431,15,416,65,0.9706,0.8539,0.9652,0.8
2026-02-12,PNEU-M1,Morning,480.0,16.5,463.5,448,14,434,60,0.9656,0.9666,0.9688,0.9042
2026-02-12,PNEU-M1,Afternoon,480.0,7.1,472.9,365,17,348,60,0.9852,0.7718,0.9534,0.7249
2026-02-12,PNEU-M1,Night,480.0,46.6,433.4,381,14,367,60,0.9029,0.8791,0.9633,0.7646
2026-02-12,PNEU-M2,Morning,480.0,12.4,467.6,407,16,391,55,0.9742,0.9495,0.9607,0.8887
2026-02-12,PNEU-M2,Afternoon,480.0,11.6,468.4,291,14,277,55,0.9758,0.6777,0.9519,0.6295
2026-02-12,PNEU-M2,Night,480.0,5.8,474.2,341,22,319,55,0.9879,0.7845,0.9355,0.725
2026-02-12,PNEU-M3,Morning,480.0,27.4,452.6,362,7,355,65,0.9429,0.7383,0.9807,0.6827
2026-02-12,PNEU-M3,Afternoon,480.0,14.6,465.4,443,9,434,65,0.9696,0.8786,0.9797,0.8346
2026-02-12,PNEU-M3,Night,480.0,23.3,456.7,409,12,397,65,0.9515,0.8267,0.9707,0.7636
2026-02-13,PNEU-M1,Morning,480.0,12.0,468.0,427,20,407,60,0.975,0.9124,0.9532,0.848
2026-02-13,PNEU-M1,Afternoon,480.0,33.3,446.7,357,15,342,60,0.9306,0.7992,0.958,0.7125
2026-02-13,PNEU-M1,Night,480.0,20.0,460.0,400,15,385,60,0.9583,0.8696,0.9625,0.8021
2026-02-13,PNEU-M2,Morning,480.0,50.9,429.1,379,20,359,55,0.894,0.9635,0.9472,0.8159
2026-02-13,PNEU-M2,Afternoon,480.0,12.0,468.0,384,20,364,55,0.975,0.8951,0.9479,0.8273
2026-02-13,PNEU-M2,Night,480.0,27.0,453.0,341,19,322,55,0.9437,0.8212,0.9443,0.7318
2026-02-13,PNEU-M3,Morning,480.0,11.0,469.0,419,4,415,65,0.9771,0.8247,0.9905,0.7982
2026-02-13,PNEU-M3,Afternoon,480.0,11.7,468.3,484,18,466,65,0.9756,0.954,0.9628,0.8961
2026-02-13,PNEU-M3,Night,480.0,14.5,465.5,404,23,381,65,0.9698,0.8011,0.9431,0.7327
2026-02-14,PNEU-M1,Morning,480.0,20.1,459.9,406,23,383,60,0.9581,0.8828,0.9433,0.7979
2026-02-14,PNEU-M1,Afternoon,480.0,45.0,435.0,384,17,367,60,0.9063,0.8828,0.9557,0.7646
2026-02-14,PNEU-M1,Night,480.0,11.1,468.9,409,10,399,60,0.9769,0.8723,0.9756,0.8314
2026-02-14,PNEU-M2,Morning,480.0,33.7,446.3,331,20,311,55,0.9298,0.8091,0.9396,0.7069
2026-02-14,PNEU-M2,Afternoon,480.0,58.1,421.9,360,13,347,55,0.879,0.9309,0.9639,0.7887
2026-02-14,PNEU-M2,Night,480.0,20.0,460.0,375,19,356,55,0.9583,0.8893,0.9493,0.809
2026-02-14,PNEU-M3,Morning,480.0,17.3,462.7,445,17,428,65,0.964,0.8878,0.9618,0.8231
2026-02-14,PNEU-M3,Afternoon,480.0,22.6,457.4,382,14,368,65,0.9529,0.7709,0.9634,0.7077
2026-02-14,PNEU-M3,Night,480.0,0.0,480.0,347,2,345,65,1.0,0.6673,0.9942,0.6634
2026-02-15,PNEU-M1,Morning,480.0,30.2,449.8,368,14,354,60,0.9371,0.8181,0.962,0.7375
2026-02-15,PNEU-M1,Afternoon,480.0,12.0,468.0,395,13,382,60,0.975,0.844,0.9671,0.7958
2026-02-15,PNEU-M1,Night,480.0,28.4,451.6,414,19,395,60,0.9408,0.9167,0.9541,0.8228
2026-02-15,PNEU-M2,Morning,480.0,24.0,456.0,360,13,347,55,0.95,0.8612,0.9639,0.7886
2026-02-15,PNEU-M2,Afternoon,480.0,41.2,438.8,329,14,315,55,0.9142,0.8179,0.9574,0.7159
2026-02-15,PNEU-M2,Night,480.0,21.2,458.8,350,4,346,55,0.9558,0.8322,0.9886,0.7863
2026-02-15,PNEU-M3,Morning,480.0,10.5,469.5,462,11,451,65,0.9781,0.9083,0.9762,0.8673
2026-02-15,PNEU-M3,Afternoon,480.0,7.6,472.4,441,21,420,65,0.9842,0.8617,0.9524,0.8077
2026-02-15,PNEU-M3,Night,480.0,40.0,440.0,385,17,368,65,0.9167,0.8077,0.9558,0.7077
2026-02-16,PNEU-M1,Morning,480.0,0.0,480.0,388,26,362,60,1.0,0.8083,0.933,0.7541
2026-02-16,PNEU-M1,Afternoon,480.0,30.4,449.6,348,15,333,60,0.9367,0.774,0.9569,0.6938
2026-02-16,PNEU-M1,Night,480.0,32.7,447.3,398,9,389,60,0.9319,0.8898,0.9774,0.8105
2026-02-16,PNEU-M2,Morning,480.0,21.4,458.6,420,11,409,55,0.9554,0.9991,0.9738,0.9295
2026-02-16,PNEU-M2,Afternoon,480.0,53.1,426.9,387,12,375,55,0.8894,0.9889,0.969,0.8523
2026-02-16,PNEU-M2,Night,480.0,31.1,448.9,411,18,393,55,0.9352,0.9988,0.9562,0.8932
2026-02-16,PNEU-M3,Morning,480.0,14.6,465.4,450,12,438,65,0.9696,0.8925,0.9733,0.8423
2026-02-16,PNEU-M3,Afternoon,480.0,0.0,480.0,475,18,457,65,1.0,0.9135,0.9621,0.8789
2026-02-16,PNEU-M3,Night,480.0,11.5,468.5,366,6,360,65,0.976,0.7211,0.9836,0.6923
2026-02-17,PNEU-M1,Morning,480.0,15.6,464.4,464,13,451,60,0.9675,0.9991,0.972,0.9396
2026-02-17,PNEU-M1,Afternoon,480.0,36.6,443.4,381,12,369,60,0.9237,0.8593,0.9685,0.7687
2026-02-17,PNEU-M1,Night,480.0,28.8,451.2,400,32,368,60,0.94,0.8865,0.92,0.7666
2026-02-17,PNEU-M2,Morning,480.0,30.8,449.2,344,21,323,55,0.9358,0.8354,0.939,0.7341
2026-02-17,PNEU-M2,Afternoon,480.0,14.4,465.6,399,19,380,55,0.97,0.9349,0.9524,0.8637
2026-02-17,PNEU-M2,Night,480.0,22.3,457.7,344,9,335,55,0.9535,0.8199,0.9738,0.7613
2026-02-17,PNEU-M3,Morning,480.0,20.3,459.7,437,6,431,65,0.9577,0.8775,0.9863,0.8289
2026-02-17,PNEU-M3,Afternoon,480.0,24.9,455.1,400,15,385,65,0.9481,0.8113,0.9625,0.7403
2026-02-17,PNEU-M3,Night,480.0,37.9,442.1,441,19,422,65,0.921,0.9208,0.9569,0.8115
2026-02-18,PNEU-M1,Morning,480.0,35.0,445.0,411,17,394,60,0.9271,0.9236,0.9586,0.8208
2026-02-18,PNEU-M1,Afternoon,480.0,0.0,480.0,373,24,349,60,1.0,0.7771,0.9357,0.7271
2026-02-18,PNEU-M1,Night,480.0,6.4,473.6,398,16,382,60,0.9867,0.8404,0.9598,0.7959
2026-02-18,PNEU-M2,Morning,480.0,38.6,441.4,351,19,332,55,0.9196,0.8675,0.9459,0.7546
2026-02-18,PNEU-M2,Afternoon,480.0,8.8,471.2,369,12,357,55,0.9817,0.8543,0.9675,0.8114
2026-02-18,PNEU-M2,Night,480.0,0.0,480.0,351,13,338,55,1.0,0.7977,0.963,0.7682
2026-02-18,PNEU-M3,Morning,480.0,14.3,465.7,421,6,415,65,0.9702,0.8345,0.9857,0.7981
2026-02-18,PNEU-M3,Afternoon,480.0,27.3,452.7,403,9,394,65,0.9431,0.8217,0.9777,0.7577
2026-02-18,PNEU-M3,Night,480.0,0.0,480.0,499,16,483,65,1.0,0.9596,0.9679,0.9288
2026-02-19,PNEU-M1,Morning,480.0,20.7,459.3,399,4,395,60,0.9569,0.8687,0.99,0.8229
2026-02-19,PNEU-M1,Afternoon,480.0,36.8,443.2,397,1,396,60,0.9233,0.8958,0.9975,0.825
2026-02-19,PNEU-M1,Night,480.0,5.1,474.9,405,14,391,60,0.9894,0.8528,0.9654,0.8146
2026-02-19,PNEU-M2,Morning,480.0,40.5,439.5,266,14,252,55,0.9156,0.6603,0.9474,0.5728
2026-02-19,PNEU-M2,Afternoon,480.0,32.1,447.9,392,27,365,55,0.9331,0.9548,0.9311,0.8295
2026-02-19,PNEU-M2,Night,480.0,25.4,454.6,416,16,400,55,0.9471,0.9983,0.9615,0.9091
2026-02-19,PNEU-M3,Morning,480.0,12.9,467.1,383,8,375,65,0.9731,0.7569,0.9791,0.7211
2026-02-19,PNEU-M3,Afternoon,480.0,14.4,465.6,425,13,412,65,0.97,0.8426,0.9694,0.7923
2026-02-19,PNEU-M3,Night,480.0,10.8,469.2,497,15,482,65,0.9775,0.9778,0.9698,0.9269
2026-02-20,PNEU-M1,Morning,480.0,34.7,445.3,387,20,367,60,0.9277,0.8691,0.9483,0.7646
2026-02-20,PNEU-M1,Afternoon,480.0,0.0,480.0,350,7,343,60,1.0,0.7292,0.98,0.7146
2026-02-20,PNEU-M1,Night,480.0,18.6,461.4,373,11,362,60,0.9612,0.8084,0.9705,0.7541
2026-02-20,PNEU-M2,Morning,480.0,16.3,463.7,395,9,386,55,0.966,0.9293,0.9772,0.8772
2026-02-20,PNEU-M2,Afternoon,480.0,10.9,469.1,398,6,392,55,0.9773,0.9256,0.9849,0.8909
2026-02-20,PNEU-M2,Night,480.0,20.4,459.6,320,18,302,55,0.9575,0.7596,0.9437,0.6864
2026-02-20,PNEU-M3,Morning,480.0,7.7,472.3,480,29,451,65,0.984,0.9381,0.9396,0.8673
2026-02-20,PNEU-M3,Afternoon,480.0,0.0,480.0,462,16,446,65,1.0,0.8885,0.9654,0.8578
2026-02-20,PNEU-M3,Night,480.0,8.3,471.7,444,9,435,65,0.9827,0.8689,0.9797,0.8365
2026-02-21,PNEU-M1,Morning,480.0,0.0,480.0,451,13,438,60,1.0,0.9396,0.9712,0.9125
2026-02-21,PNEU-M1,Afternoon,480.0,17.7,462.3,388,8,380,60,0.9631,0.8393,0.9794,0.7917
2026-02-21,PNEU-M1,Night,480.0,16.5,463.5,408,36,372,60,0.9656,0.8803,0.9118,0.775
2026-02-21,PNEU-M2,Morning,480.0,7.3,472.7,294,30,264,55,0.9848,0.6785,0.898,0.6
2026-02-21,PNEU-M2,Afternoon,480.0,48.1,431.9,343,29,314,55,0.8998,0.8664,0.9155,0.7137
2026-02-21,PNEU-M2,Night,480.0,7.9,472.1,373,17,356,55,0.9835,0.8619,0.9544,0.809
2026-02-21,PNEU-M3,Morning,480.0,0.0,480.0,482,10,472,65,1.0,0.9269,0.9793,0.9077
2026-02-21,PNEU-M3,Afternoon,480.0,6.3,473.7,465,11,454,65,0.9869,0.9061,0.9763,0.873
2026-02-21,PNEU-M3,Night,480.0,52.4,427.6,410,11,399,65,0.8908,0.8851,0.9732,0.7673
2026-02-22,PNEU-M1,Morning,480.0,30.5,449.5,377,13,364,60,0.9365,0.8387,0.9655,0.7583
2026-02-22,PNEU-M1,Afternoon,480.0,9.9,470.1,406,19,387,60,0.9794,0.8636,0.9532,0.8062
2026-02-22,PNEU-M1,Night,480.0,23.8,456.2,359,15,344,60,0.9504,0.7869,0.9582,0.7166
2026-02-22,PNEU-M2,Morning,480.0,11.4,468.6,364,31,333,55,0.9763,0.8474,0.9148,0.7568
2026-02-22,PNEU-M2,Afternoon,480.0,40.6,439.4,354,22,332,55,0.9154,0.8789,0.9379,0.7546
2026-02-22,PNEU-M2,Night,480.0,21.0,459.0,303,5,298,55,0.9563,0.7201,0.9835,0.6773
2026-02-22,PNEU-M3,Morning,480.0,6.9,473.1,469,15,454,65,0.9856,0.9151,0.968,0.8731
2026-02-22,PNEU-M3,Afternoon,480.0,10.8,469.2,350,10,340,65,0.9775,0.6886,0.9714,0.6539
2026-02-22,PNEU-M3,Night,480.0,0.0,480.0,466,11,455,65,1.0,0.8962,0.9764,0.875
2026-02-23,PNEU-M1,Morning,480.0,15.0,465.0,435,18,417,60,0.9688,0.9355,0.9586,0.8688
2026-02-23,PNEU-M1,Afternoon,480.0,11.1,468.9,369,9,360,60,0.9769,0.7869,0.9756,0.75
2026-02-23,PNEU-M1,Night,480.0,24.4,455.6,323,9,314,60,0.9492,0.709,0.9721,0.6542
2026-02-23,PNEU-M2,Morning,480.0,43.4,436.6,309,20,289,55,0.9096,0.7721,0.9353,0.6569
2026-02-23,PNEU-M2,Afternoon,480.0,10.9,469.1,358,15,343,55,0.9773,0.8325,0.9581,0.7795
2026-02-23,PNEU-M2,Night,480.0,26.3,453.7,369,16,353,55,0.9452,0.8873,0.9566,0.8023
2026-02-23,PNEU-M3,Morning,480.0,11.7,468.3,437,21,416,65,0.9756,0.8614,0.9519,0.8
2026-02-23,PNEU-M3,Afternoon,480.0,7.6,472.4,358,7,351,65,0.9842,0.6995,0.9804,0.675
2026-02-23,PNEU-M3,Night,480.0,15.3,464.7,446,20,426,65,0.9681,0.8859,0.9552,0.8192
2026-02-24,PNEU-M1,Morning,480.0,18.1,461.9,377,11,366,60,0.9623,0.8162,0.9708,0.7625
2026-02-24,PNEU-M1,Afternoon,480.0,14.6,465.4,403,16,387,60,0.9696,0.8659,0.9603,0.8062
2026-02-24,PNEU-M1,Night,480.0,19.3,460.7,460,15,445,60,0.9598,0.9985,0.9674,0.9271
2026-02-24,PNEU-M2,Morning,480.0,22.8,457.2,398,23,375,55,0.9525,0.9497,0.9422,0.8523
2026-02-24,PNEU-M2,Afternoon,480.0,27.5,452.5,308,18,290,55,0.9427,0.7425,0.9416,0.6591
2026-02-24,PNEU-M2,Night,480.0,8.2,471.8,390,11,379,55,0.9829,0.9018,0.9718,0.8614
2026-02-24,PNEU-M3,Morning,480.0,0.0,480.0,476,25,451,65,1.0,0.9154,0.9475,0.8673
2026-02-24,PNEU-M3,Afternoon,480.0,23.6,456.4,425,13,412,65,0.9508,0.8596,0.9694,0.7923
2026-02-24,PNEU-M3,Night,480.0,58.5,421.5,351,10,341,65,0.8781,0.7687,0.9715,0.6558
2026-02-25,PNEU-M1,Morning,480.0,14.7,465.3,361,14,347,60,0.9694,0.7758,0.9612,0.7229
2026-02-25,PNEU-M1,Afternoon,480.0,6.2,473.8,432,15,417,60,0.9871,0.9118,0.9653,0.8688
2026-02-25,PNEU-M1,Night,480.0,0.0,480.0,480,24,456,60,1.0,1.0,0.95,0.95
2026-02-25,PNEU-M2,Morning,480.0,23.0,457.0,347,25,322,55,0.9521,0.8283,0.928,0.7318
2026-02-25,PNEU-M2,Afternoon,480.0,14.7,465.3,377,18,359,55,0.9694,0.8839,0.9523,0.816
2026-02-25,PNEU-M2,Night,480.0,37.7,442.3,363,5,358,55,0.9215,0.8953,0.9862,0.8136
2026-02-25,PNEU-M3,Morning,480.0,7.2,472.8,461,8,453,65,0.985,0.9,0.9826,0.8711
2026-02-25,PNEU-M3,Afternoon,480.0,41.3,438.7,473,21,452,65,0.914,0.9952,0.9556,0.8692
2026-02-25,PNEU-M3,Night,480.0,21.6,458.4,434,16,418,65,0.955,0.8739,0.9631,0.8038
2026-02-26,PNEU-M1,Morning,480.0,9.9,470.1,470,18,452,60,0.9794,0.9998,0.9617,0.9417
2026-02-26,PNEU-M1,Afternoon,480.0,19.8,460.2,366,18,348,60,0.9587,0.7953,0.9508,0.7249
2026-02-26,PNEU-M1,Night,480.0,28.7,451.3,435,19,416,60,0.9402,0.9639,0.9563,0.8667
2026-02-26,PNEU-M2,Morning,480.0,59.3,420.7,355,17,338,55,0.8765,0.9205,0.9521,0.7682
2026-02-26,PNEU-M2,Afternoon,480.0,32.2,447.8,315,22,293,55,0.9329,0.7674,0.9302,0.6659
2026-02-26,PNEU-M2,Night,480.0,10.6,469.4,404,27,377,55,0.9779,0.9389,0.9332,0.8568
2026-02-26,PNEU-M3,Morning,480.0,13.3,466.7,461,6,455,65,0.9723,0.9118,0.987,0.875
2026-02-26,PNEU-M3,Afternoon,480.0,7.2,472.8,462,17,445,65,0.985,0.902,0.9632,0.8558
2026-02-26,PNEU-M3,Night,480.0,16.5,463.5,489,24,465,65,0.9656,0.9739,0.9509,0.8942
2026-02-27,PNEU-M1,Morning,480.0,19.1,460.9,375,18,357,60,0.9602,0.8136,0.952,0.7437
2026-02-27,PNEU-M1,Afternoon,480.0,0.0,480.0,425,12,413,60,1.0,0.8854,0.9718,0.8604
2026-02-27,PNEU-M1,Night,480.0,18.8,461.2,361,21,340,60,0.9608,0.7827,0.9418,0.7083
2026-02-27,PNEU-M2,Morning,480.0,11.2,468.8,419,15,404,55,0.9767,0.975,0.9642,0.9182
2026-02-27,PNEU-M2,Afternoon,480.0,33.3,446.7,371,9,362,55,0.9306,0.906,0.9757,0.8226
2026-02-27,PNEU-M2,Night,480.0,10.0,470.0,382,20,362,55,0.9792,0.8867,0.9476,0.8228
2026-02-27,PNEU-M3,Morning,480.0,27.5,452.5,440,14,426,65,0.9427,0.8976,0.9682,0.8193
2026-02-27,PNEU-M3,Afternoon,480.0,20.9,459.1,372,13,359,65,0.9565,0.748,0.9651,0.6905
2026-02-27,PNEU-M3,Night,480.0,0.0,480.0,406,10,396,65,1.0,0.7808,0.9754,0.7616
2026-02-28,PNEU-M1,Morning,480.0,30.9,449.1,373,10,363,60,0.9356,0.8305,0.9732,0.7562
2026-02-28,PNEU-M1,Afternoon,480.0,0.0,480.0,383,22,361,60,1.0,0.7979,0.9426,0.7521
2026-02-28,PNEU-M1,Night,480.0,42.5,437.5,350,5,345,60,0.9115,0.8,0.9857,0.7188
2026-02-28,PNEU-M2,Morning,480.0,16.5,463.5,374,7,367,55,0.9656,0.8803,0.9813,0.8341
2026-02-28,PNEU-M2,Afternoon,480.0,58.2,421.8,290,9,281,55,0.8788,0.75,0.969,0.6387
2026-02-28,PNEU-M2,Night,480.0,39.6,440.4,330,19,311,55,0.9175,0.8174,0.9424,0.7068
2026-02-28,PNEU-M3,Morning,480.0,14.5,465.5,452,5,447,65,0.9698,0.8963,0.9889,0.8596
2026-02-28,PNEU-M3,Afternoon,480.0,6.9,473.1,467,14,453,65,0.9856,0.9112,0.97,0.8711
2026-02-28,PNEU-M3,Night,480.0,33.9,446.1,395,16,379,65,0.9294,0.8173,0.9595,0.7288
2026-03-01,PNEU-M1,Morning,480.0,0.0,480.0,442,14,428,60,1.0,0.9208,0.9683,0.8916
2026-03-01,PNEU-M1,Afternoon,480.0,19.4,460.6,424,21,403,60,0.9596,0.9205,0.9505,0.8396
2026-03-01,PNEU-M1,Night,480.0,34.4,445.6,361,4,357,60,0.9283,0.8101,0.9889,0.7437
2026-03-01,PNEU-M2,Morning,480.0,29.6,450.4,382,3,379,55,0.9383,0.9252,0.9921,0.8613
2026-03-01,PNEU-M2,Afternoon,480.0,100.2,379.8,319,11,308,55,0.7913,0.9163,0.9655,0.7001
2026-03-01,PNEU-M2,Night,480.0,9.3,470.7,346,10,336,55,0.9806,0.8019,0.9711,0.7636
2026-03-01,PNEU-M3,Morning,480.0,23.6,456.4,473,6,467,65,0.9508,0.9567,0.9873,0.8981
2026-03-01,PNEU-M3,Afternoon,480.0,7.5,472.5,400,9,391,65,0.9844,0.7814,0.9775,0.7519
2026-03-01,PNEU-M3,Night,480.0,10.0,470.0,399,22,377,65,0.9792,0.7836,0.9449,0.725
